{"cameraMode":{"drawMode":0,"name":"Shaded","section":"Shading Mode"},"sceneLighting":false,"audioPlay":false,"sceneViewState":{"m_AlwaysRefresh":false,"showFog":true,"showSkybox":false,"showFlares":true,"showImageEffects":true,"showParticleSystems":true,"showVisualEffectGraphs":true,"m_FxEnabled":true},"in2DMode":false,"pivot":{"x":20.12512969970703,"y":-2.169727325439453,"z":-2795.57861328125},"rotation":{"x":-0.011999531649053097,"y":0.005999735556542873,"z":0.00007203292625490576,"w":0.9999105930328369},"size":23.43548583984375,"orthographic":true}