{"cameraMode":{"drawMode":0,"name":"Shaded","section":"Shading Mode"},"sceneLighting":false,"audioPlay":false,"sceneViewState":{"m_AlwaysRefresh":false,"showFog":true,"showSkybox":false,"showFlares":true,"showImageEffects":true,"showParticleSystems":true,"showVisualEffectGraphs":true,"m_FxEnabled":true},"in2DMode":false,"pivot":{"x":-159.97903442382813,"y":-89.63815307617188,"z":-2970.94189453125},"rotation":{"x":-0.17049206793308259,"y":-0.004990079440176487,"z":0.0009880894795060158,"w":-0.9854918122291565},"size":7.0469465255737309,"orthographic":false}